{
  "title": "Australia Military Computer Market",
  "full_title": "Australia Military Computer Market by Component (Hardware, Software, and Service), by Product (Rugged Computer, Embedded Computer, and Wearable Computer), by Application (Command and Control Systems, Communication Systems, Combat and Tactical Operations, ISR Systems, and Others), and by End-User (Army, Navy, and Air Force) \u2013 Opportunity Analysis and Industry Forecast, 2025\u20132030",
  "industry": "Aerospace & Defense",
  "publish_date": "05-Nov-2025",
  "pages": 83,
  "no_of_tables": 117,
  "no_of_figures": 62,
  "format": "PDF",
  "report_code": "AD3650",
  "market_size_2024_usd_million": 241.8,
  "market_size_2025_usd_million": 283.5,
  "forecast_2030_usd_million": 517.9,
  "cagr_2025_2030_percent": 12.8,
  "analysis_period": "2024\u20132030",
  "base_year": 2024,
  "forecast_period": "2025\u20132030",
  "key_drivers": [
    "Increasing military capability and modernization in Australia",
    "Increase in defense expenditure",
    "Adoption of AI/ML and autonomous systems"
  ],
  "key_challenges": [
    "High initial investment and maintenance costs"
  ],
  "top_companies_listed": [
    "BAE Systems",
    "Elbit Systems Ltd.",
    "Northrop Grumman Corporation",
    "Panasonic Holdings Corporation",
    "Collins Aerospace",
    "Intel Corporation",
    "Dell Technologies",
    "Qualcomm Technologies, Inc.",
    "Thales Group",
    "L3Harris Technologies, Inc.",
    "Anduril Industries",
    "NVIDIA Corporation",
    "MPL AG",
    "Palantir Technologies Inc.",
    "IBM Corporation"
  ],
  "customization_scope": "Free customization (equivalent up to 80 working hours of analysts) after purchase",
  "notes": "Summary metadata created from Next Move Strategy Consulting report page: https://www.nextmsc.com/report/australia-military-computer-market-3650"
}